{
  "accuracy": 0.5721666666666667,
  "precision": 0.28745454545454546,
  "recall": 0.5654506437768241,
  "f1": 0.38114754098360654,
  "n_train": 48000,
  "n_test": 12000,
  "delay_rate_test": 0.233
}