{
  "accuracy": 0.6078333333333333,
  "precision": 0.2907822695567389,
  "recall": 0.6267377950210152,
  "f1": 0.3972539576822583,
  "n_train": 120000,
  "n_test": 30000,
  "delay_rate_test": 0.2062,
  "corr_drop_threshold": 0.9,
  "dropped_high_corr_numeric": [],
  "hyperparameter_tuning": "RandomizedSearchCV(cv=3, scoring=f1, n_iter=15)"
}