{
  "accuracy": 0.5748666666666666,
  "precision": 0.29176623940908103,
  "recall": 0.5753248607739541,
  "f1": 0.38718047280415147,
  "n_train": 120000,
  "n_test": 30000,
  "delay_rate_test": 0.23343333333333333,
  "corr_drop_threshold": 0.9,
  "dropped_high_corr_numeric": []
}