{
  "accuracy": 0.5766666666666667,
  "precision": 0.29300196206671025,
  "recall": 0.5757532486077396,
  "f1": 0.3883644769793874,
  "n_train": 120000,
  "n_test": 30000,
  "delay_rate_test": 0.23343333333333333,
  "corr_drop_threshold": 0.9,
  "dropped_high_corr_numeric": [],
  "hyperparameter_tuning": "RandomizedSearchCV(cv=3, scoring=f1, n_iter=15)"
}