{
  "accuracy": 0.6189333333333333,
  "precision": 0.29440351152218214,
  "recall": 0.6071774975751697,
  "f1": 0.39653716216216217,
  "n_train": 120000,
  "n_test": 30000,
  "delay_rate_test": 0.2062,
  "corr_drop_threshold": 0.9,
  "dropped_high_corr_numeric": [],
  "hyperparameter_tuning": "RandomizedSearchCV(cv=3, scoring=f1, n_iter=15)"
}