{
  "accuracy": 0.6135,
  "precision": 0.31912804399057343,
  "recall": 0.5811874105865522,
  "f1": 0.4120182555780933,
  "n_train": 48000,
  "n_test": 12000,
  "delay_rate_test": 0.233
}