{
  "accuracy": 0.6062666666666666,
  "precision": 0.31576124434909203,
  "recall": 0.5884620876767099,
  "f1": 0.4109903261194774,
  "n_train": 120000,
  "n_test": 30000,
  "delay_rate_test": 0.23343333333333333,
  "corr_drop_threshold": 0.9,
  "dropped_high_corr_numeric": [],
  "hyperparameter_tuning": "RandomizedSearchCV(cv=3, scoring=f1, n_iter=12)"
}