{
  "accuracy": 0.6213333333333333,
  "precision": 0.31715481171548116,
  "recall": 0.542203147353362,
  "f1": 0.40021119324181625,
  "n_train": 48000,
  "n_test": 12000,
  "delay_rate_test": 0.233
}