{
  "accuracy": 0.6033666666666667,
  "precision": 0.3130726939523519,
  "recall": 0.5854633728402113,
  "f1": 0.40798049654211654,
  "n_train": 120000,
  "n_test": 30000,
  "delay_rate_test": 0.23343333333333333,
  "corr_drop_threshold": 0.9,
  "dropped_high_corr_numeric": [],
  "hyperparameter_tuning": "RandomizedSearchCV(cv=3, scoring=f1, n_iter=12)"
}