{
  "accuracy": 0.7625333333333333,
  "precision": 0.4917966101694915,
  "recall": 0.5179208910466943,
  "f1": 0.5045207956600362,
  "n_train": 120000,
  "n_test": 30000,
  "delay_rate_test": 0.23343333333333333,
  "corr_drop_threshold": 0.9,
  "dropped_high_corr_numeric": [],
  "hyperparameter_tuning": "RandomizedSearchCV(cv=3, scoring=f1, n_iter=12)"
}