{
  "accuracy": 0.6364,
  "precision": 0.31052934881040584,
  "recall": 0.5982553528945281,
  "f1": 0.4088445696943421,
  "n_train": 120000,
  "n_test": 30000,
  "delay_rate_test": 0.21016666666666667,
  "corr_drop_threshold": 0.9,
  "dropped_high_corr_numeric": [],
  "hyperparameter_tuning": "RandomizedSearchCV(cv=3, scoring=f1, n_iter=12)"
}