{
  "accuracy": 0.61,
  "precision": 0.311449159327462,
  "recall": 0.5565092989985694,
  "f1": 0.3993839835728953,
  "n_train": 48000,
  "n_test": 12000,
  "delay_rate_test": 0.233
}