{
  "random_forest": {
    "accuracy": 0.7078666666666666,
    "precision": 0.3622863247863248,
    "recall": 0.5481732945360491,
    "f1": 0.4362536987006304,
    "n_train": 120000,
    "n_test": 30000,
    "delay_rate_test": 0.2062,
    "tuned_threshold": 0.52,
    "tuned_f1": 0.4327,
    "tuned_precision": 0.3875,
    "tuned_recall": 0.4898,
    "tuned_accuracy": 0.7352,
    "corr_drop_threshold": 0.9,
    "dropped_high_corr_numeric": [],
    "hyperparameter_tuning": "RandomizedSearchCV(cv=3, scoring=f1, n_iter=12)"
  },
  "hist_gradient_boosting": {
    "accuracy": 0.7077333333333333,
    "precision": 0.368827474090632,
    "recall": 0.5868089233753637,
    "f1": 0.4529573246818068,
    "n_train": 120000,
    "n_test": 30000,
    "delay_rate_test": 0.2062,
    "tuned_threshold": 0.55,
    "tuned_f1": 0.4519,
    "tuned_precision": 0.41,
    "tuned_recall": 0.5034,
    "tuned_accuracy": 0.7482,
    "corr_drop_threshold": 0.9,
    "dropped_high_corr_numeric": [],
    "hyperparameter_tuning": "RandomizedSearchCV(cv=3, scoring=f1, n_iter=12)"
  }
}