{
  "random_forest": {
    "accuracy": 0.7500333333333333,
    "precision": 0.40970980607894375,
    "recall": 0.48157129000969934,
    "f1": 0.44274355354090805,
    "n_train": 120000,
    "n_test": 30000,
    "delay_rate_test": 0.2062,
    "corr_drop_threshold": 0.9,
    "dropped_high_corr_numeric": [],
    "hyperparameter_tuning": "RandomizedSearchCV(cv=3, scoring=f1, n_iter=12)"
  },
  "hist_gradient_boosting": {
    "accuracy": 0.7067666666666667,
    "precision": 0.3688598694123556,
    "recall": 0.5935984481086324,
    "f1": 0.454990397125333,
    "n_train": 120000,
    "n_test": 30000,
    "delay_rate_test": 0.2062,
    "corr_drop_threshold": 0.9,
    "dropped_high_corr_numeric": [],
    "hyperparameter_tuning": "RandomizedSearchCV(cv=3, scoring=f1, n_iter=12)"
  }
}