{
  "random_forest": {
    "accuracy": 0.6364,
    "precision": 0.31052934881040584,
    "recall": 0.5982553528945281,
    "f1": 0.4088445696943421,
    "n_train": 120000,
    "n_test": 30000,
    "delay_rate_test": 0.21016666666666667,
    "corr_drop_threshold": 0.9,
    "dropped_high_corr_numeric": [],
    "hyperparameter_tuning": "RandomizedSearchCV(cv=3, scoring=f1, n_iter=12)"
  },
  "hist_gradient_boosting": {
    "accuracy": 0.6372666666666666,
    "precision": 0.3149810008893201,
    "recall": 0.6179222839016654,
    "f1": 0.41726464603191604,
    "n_train": 120000,
    "n_test": 30000,
    "delay_rate_test": 0.21016666666666667,
    "corr_drop_threshold": 0.9,
    "dropped_high_corr_numeric": [],
    "hyperparameter_tuning": "RandomizedSearchCV(cv=3, scoring=f1, n_iter=12)"
  }
}