{
  "random_forest": {
    "accuracy": 0.61,
    "precision": 0.311449159327462,
    "recall": 0.5565092989985694,
    "f1": 0.3993839835728953,
    "n_train": 48000,
    "n_test": 12000,
    "delay_rate_test": 0.233,
    "corr_drop_threshold": 0.9,
    "dropped_high_corr_numeric": []
  },
  "hist_gradient_boosting": {
    "accuracy": 0.6179166666666667,
    "precision": 0.322060871295007,
    "recall": 0.579041487839771,
    "f1": 0.41390770804039373,
    "n_train": 48000,
    "n_test": 12000,
    "delay_rate_test": 0.233,
    "corr_drop_threshold": 0.9,
    "dropped_high_corr_numeric": []
  }
}
